,Habitat,,,,,,,Flavours,,,,,,Lots of,,,,,Stuff,,,,,,,,,,,,,,,,,,,,,,,,,,,,,,,,,,,,,,,
Name,Bright,Humid,Warm,Dry,Dark,Cool,,Sweet,Dry,Bitter,Spicy,Sour,,Nature,Water,Fire,Dirt,,Soft,Cute,Colourful,Hard,Wooden,Watching,Noisy,Strange,Complicated,Metal,Shiny,Stone,Blocky,Round,Wobbly,Sharp,Spooky,Spinning,Glass,,Luxury,Exercise,Rides,Cleanliness,Healing,Looks like Food,Garbage,Letters and Words,Electronics,Gatherings,Construction,Fabric,Containers,Symbols,Pretty Flowers,Slender Objects,Nice Breezes,Ocean Vibes,Group Activities,Play Spaces
Bulbasaur,X,,,,,,,X,,,,,,X,X,,,,X,X,,,,,,,,,,,,,,,,,,,,,,,,,,,,,,,,,,,,,X,
Ivysaur,X,,,,,,,,,,,X,,X,,,,,X,X,X,,,,,,,,,,,,,,,,,,,,,,,,,,,,,,,,X,,,,,
Venasaur,X,,,,,,,,,,,X,,X,,,,,X,X,,,,,,,,,,,,,,,,,,,X,,,,,,,,,,,,,,X,,,,,
Charmander,,,X,,,,,,,,X,,,,,X,,,,,,X,X,,,,,,,,,,,,,,,,,,,,,,,,,,,,,,,,,,X,
Charmeleon,,,X,,,,,,,,X,,,,,X,,,,,,X,X,,,,,,,,,,,,,,,,,X,X,,,,,,,,,,,,,,,,,
Charizard,,,X,,,,,,,,X,,,,,X,,,,,,,X,,,,,,,,,,,,,,,,X,X,,,,,,,,,,,,,,,X,,,
Squirtle,,X,,,,,,X,,,,,,,X,,,,,X,,,,,,,,,,,,,,,,,,,,,,X,X,,,,,,,,,,,,,,X,
Wartortle,,X,,,,,,,,,X,,,,X,,,,,,,X,,,,,,,,,,,,,,,,,,X,,X,X,,,,,,,,,,,,,,,
Blastoise,,X,,,,,,,,,,X,,,X,,,,,,,,,,,,,,,,,,,,,,,,X,X,,X,X,,,,,,,,,,,,,,,
Pidgey,X,,,,,,,,,,,X,,X,,,,,X,,,,,X,,,,,,,,,,,,,,,,,,,,,,,,,,,,,,,X,,,X
Pidgeotto,X,,,,,,,,,,X,,,X,,,,,X,,,,,X,,,,,,,,,,,,,,,,,,,,X,,,,,,,,,,,X,,,
Pidgeot,X,,,,,,,,,,,X,,X,,,,,X,,,,X,,,,,,,,,,,,,,,,X,,,,,,,,,,,,,,,,X,,,
Oddish,,X,,,,,,,,X,,,,X,X,,X,,X,,,,,,,,,,,,,,,,,,,,,,,,,,,,,,,,,,X,,,,,
Gloom,,X,,,,,,,X,,,,,X,,,X,,X,,,,,,,,,,,,,,,,,,,,,,,,,,X,,,,,,,,X,,,,,
Vileplume,,X,,,,,,,,X,,,,X,,,X,,X,,X,,,,,,,,,,,,,,,,,,,,,,,,,,,,,,,,X,,,,,
Bellossom,X,,,,,,,,,,,X,,X,,,,,,X,,,,,X,,,,,,,,,,,,,,,,,,,,,,,,,,,,X,,,,,X
Paras,,X,,,,,,,,X,,,,X,,,X,,,,,,X,X,,,,,,,,,,,,,,,,,,,,X,,,,,,,,,,,,,,
Parasect,,X,,,,,,,,X,,,,X,,,X,,,,,,X,X,,X,,,,,,,,,,,,,,,,,,,,,,,,,,,,,,,,
Venonat,X,,,,,,,,,X,,,,X,,,,,,,,,X,X,,,X,,,,,,,,,,,,,,,,,,,X,,,,,,,,,,,,
Venomoth,X,,,,,,,,,X,,,,X,,,,,,,,,X,X,,,,,,,,,,,,,,,,,,,,,,,,,,,,,X,,X,,,
Bellsprout,,X,,,,,,,X,,,,,X,X,,X,,,,,,X,,,,,,,,,,,,,,,,,,,,,,,,,,,,,,X,,,,,
Weepinbell,,X,,,,,,,,X,,,,X,,,X,,,,X,,X,,,,,,,,,,,,,,,,,,,,,,,,,,,,,,X,,,,,
Victreebel,,X,,,,,,,,X,,,,X,,,X,,,,X,,X,,,,,,,,,,,,,,,,,,,,,,,,,,,,,,X,,,,,
Slowpoke,,X,,,,,,,X,,,,,,X,,,,X,,,,,,,X,,,,,,,,,,,,,,,,X,X,,,,,,,,,,,,,,,
Slowbro,,X,,,,,,,X,,,,,,X,,,,,,,,,,,X,,,,,,,,,,,,,,,,X,X,,,,,,,,,,,,,,X,
Slowking,,X,,,,,,,,,,X,,,X,,,,,,,,,,,X,,,,,,,,,,,,,,,,X,X,,,,,,,,,,,,,,X,
Magnemite,X,,,,,,,,,X,,,,,,,,,,,,X,,,,,,X,X,,,,,,,,,,,,,,,,,,X,,,,,,,,,,X,
Magneton,X,,,,,,,,,X,,,,,,,,,,,,,,,,,,X,X,,,,,,,,,,,,,,,,,,X,X,,,,,,,,,X,
Magnezone,X,,,,,,,,,X,,,,,,,,,,,,X,,,,,,X,,,,,,,,,,,X,,,,,,,,X,X,,,,,,,,,,
Onix,,,,X,,,,,X,,,,,,,,X,,,,,,,,,,,,,X,X,,,,,,,,,X,,,,,,,,,,,,,,X,,,,
Steelix,,,,X,,,,,,,X,,,,,,X,,,,,X,,,,,,X,,X,,,,,,,,,,,,,,,,,,,,,,,,X,,,,
Cubone,,,,X,,,,,,X,,,,,,,X,,,,,,,,,,,,,,,,,,,,,,,X,,,,,,,,,X,,,,,X,,,X,
Marowak,,,,X,,,,,X,,,,,,,,X,,,,,,,,,,,,,,,,,,,,,,X,X,,,,,,,,,X,,,,,X,,,,
Tyrogue,X,,,,,,,,,,X,,,,,,,,,,,,,,,,,,,X,,X,,,,,,,,X,,,,,,,,,,X,,,,,,,X,
Hitmonlee,X,,,,,,,,,,X,,,,,,,,,,,,,,,,,,,X,,X,,,,,,,,X,,,,,,,,,,X,,,,,,,X,
Hitmonchan,X,,,,,,,X,,,,,,,,,,,,,,,,,,,,,,X,,X,,,,,,,,X,,,,,,,,,,X,,,,,,,X,
Hitmontop,X,,,,,,,X,,,,,,,,,,,,,,,,,,,,,,X,,X,,,,,,,,X,,,,,,,,,,X,,,,,,,X,
Koffing,,,,,X,,,,,X,,,,,,,,,X,,,,,,,,X,,,,,,X,,,,,,,,,,,,X,,,X,,,,,,,,,,
Weezing,,,,,X,,,,,X,,,,,,,,,X,,,,,,,,X,,,,,,X,,,,,,,,,,,,X,,,X,,,,,,,,,,
Tangela,X,,,,,,,,,,,X,,X,X,,,,,,,,,,,,,,,,,,,,,,,,,,,,,,,,,X,,,,,X,X,,,,
Scyther,X,,,,,,,,,,X,,,X,,,,,,,,,X,,,,,,,,,,,X,,,,,,X,,,,,,,,,,,,,,,X,,,
Scizor,X,,,,,,,,,X,,,,X,,,,,,,,X,X,,,,,X,,,,,,,,,,,,X,,,,,,,,,,,,,,,,,,
Pinsir,X,,,,,,,,,,X,,,X,,,,,,,,,X,,,,,,,,,,,X,,,,,,X,,,,,,,,,,,,,X,,,,,
Magikarp,,X,,,,,,X,,,,,,,X,,,,,,,,,,,,,,,,,,X,,,,,,,,X,,,,,,,,,,,,,,,X,X,
Gyarados,,,,,,,,,,,X,,,,X,,,,,,,,,,,,,,,,,,,,,,,,,,,X,,,,,,,,,,,,X,X,X,,
Hoothoot,,,,,X,,,,X,,,,,,,,,,X,,,,,X,,,,,,,,,X,,,,,,,,,,,,,,,,,X,,,,,X,,,
Noctowl,,,,,X,,,,X,,,,,,,,,,X,,,,,X,,,,,,,,,,,,,,,,,,,,,,X,,,,,X,,,,X,,,
Heracross,X,,,,,,,X,,,,,,X,,,,,,,,,X,,,,,,,,,,,,,,,,,X,,,,X,,,,,,,,,X,,,,,
Volbeat,,,,,X,,,X,,,,,,X,,,,,,X,,,X,,,,,,X,,,,,,,,,,,,,,,,,,,,,,,,,,,,X,
Illumise,,,,,X,,,,,,,X,,X,,,,,,X,,,X,,,,,,X,,,,,,,,,,,,,,,,,,,,,,,,,,,,X,
Gulpin,,X,,,,,,,,,X,,,,,,,,,X,X,,,,,,,,,,,X,,,,,,,,,,,,X,,,,,,,X,,,,,,,
Swalot,,X,,,,,,,,X,,,,,,,,,,,X,,,,,,,,,,,X,,,,,,,,,,,,X,X,,,,,,X,,,,,,,
Cacnea,,,,X,,,,,,,X,,,X,,,,,,X,,,,,,,,,,,,X,,X,,,,,,,,,,,,,,,,,,,X,,,,,
Cacturne,,,,X,,,,,X,,,,,X,,,,,,,,,,,,,,,X,,,,,X,,,,,X,,,,,,,,,,,,,,,,X,,,
Combee,X,,,,,,,X,,,,,,X,,,,,,,,,X,,,,,,,,,,,,,,,,,,,,,,,,,,X,,,,,,X,,X,
Vespiquen,X,,,,,,,X,,,,,,X,,,,,,,,,X,,,,X,,,,,,,,,,,,,,,,,,,,,,X,,,,,,X,,,
Shellos W,,X,,,,,,,,,,X,,,X,,,,,,X,,,,,,,,,,,,,,,,,,,,,X,,,,,,,,,X,,,,,X,,
Shellos E,,X,,,,,,,X,,,,,,X,,,,,,X,,,,,,,,,,,,,,,,,,,,,X,,,,,,,,,X,,,,,X,,
Gastrodon W,,X,,,,,,,,,,X,,,X,,X,,,,,,,,,,,,,,,,,,,,,,,,,X,,,,,,,,,X,,,,,X,,
Gastrodon E,,,,,,,,,X,,,,,,X,,X,,,,,,,,,,,,,,,,,,,,,,,,,X,,,,,,,,,X,,,,,X,,
Drifloon,,,X,,,,,,,X,,,,,,,,,,X,,,,,,X,,,,,,X,,,X,,,,,,,,,,,,,,,,,,,,X,,,
Drifblim,,,X,,,,,,,X,,,,,,,,,,,,,,,,X,,,,,,,X,,X,X,,,,,,,,,,,,,,,,,,,X,,,
Drilbur,,,,,X,,,,,,,X,,X,,,X,,,,,,,X,,X,,,,,,,,X,,,,,,,,,,,,,,,,,,,,,,,,
Excadrill,,,,,X,,,,,,,X,,,,,X,,,,,,,X,,,,X,,,,,,X,,,,,,X,,,,,,,,,,,,,,,,,,
Timburr,X,,,,,,,,,,X,,,,,,,,,,,,X,,,,,,,,X,,,,,,,,,X,,,,,,,,,X,,,,,X,,,,
Gurdurr,X,,,,,,,,,,X,,,,,,,,,,,,,,,,,X,,,,,,,,,,,,X,,,,,,,,,X,,,,,X,,,X,
Conkeldurr,X,,,,,,,,,,X,,,,,,,,,,,,,,,,,,,X,,,,,,,,,,X,,,,,,,,,X,,,,,X,,,X,
Litwick,,,X,,,,,,,X,,,,,,X,,,,,,,,,,X,,,,,X,,X,,X,,,,,,,,,,,,,,,,,,,,,,,
Lampent,,,X,,,,,,,X,,,,,,X,,,,,,,,,,X,,,,,,,X,,X,,,,,,,,,,,,,,,,X,,,,,,,
Chandelure,,,X,,,,,,X,,,,,,,X,,,,,,,,X,,X,,,,,,,X,,X,,,,,,,,,,,,,,,,,,,,,,,
Axew,,,,,X,,,X,,,,,,,,X,X,,,,,X,,,,,,,,,,,,X,,,,,X,,,,,,,,,,,,,,,,,,,
Fraxure,,,,,X,,,,,,X,,,,,X,X,,,,,,,,,,,,,,,,,X,,,,,X,X,,,,,,,,,,,,,,,,,,
Haxorus,,,,,X,,,,,,,X,,,,X,X,,,,,,,,,,,,,,,,,X,,,,,X,X,,,,,,,,,,,,,,,,,,
Goomy,,X,,,,,,X,,,,,,X,X,,,,,,,,,,,,,,,,,,,,,,,,X,,,X,X,,,,,,,,,,,,,,,
Sliggoo,,X,,,,,,X,,,,,,,X,,,,X,,,,,,,,,,,,,,,,,,,,X,,,X,X,,,,,,,,,,,,,,,
Goodra,,X,,,,,,,,,,X,,,X,,,,,,,,,,,,,,,,,,,,,,,,X,X,,X,X,,,,,,,,,,,,,,,
Cramorant,,X,,,,,,,,X,,,,,X,,,,,,,,,,,,,,,,,,,,,,,,,,,,,X,,,,,,,,,,X,X,X,,
Pichu,X,,,,,,,X,,,,,,,,,,,,X,,,,,,,,,,,,,,,,,X,,,,,,,,,,X,,,X,,,X,,,,,
Pikachu,X,,,,,,,,,,,X,,,,,,,,,,,,,,,,,,,,X,,,,,X,,,,X,,,,,,X,,,,,,,,,,X,
Raichu,X,,,,,,,,,,,X,,,,,,,,,,,,,,,,,,,,X,,,,,X,,,,,,,,,,X,,,,,,,,,,X,X
Zubat,,,,,X,,,,,,X,,,,,,,,,,,,X,,X,,X,,,,,,,,X,,,,,,,,,,,,,,,,,,,,X,,,
Golbat,,,,,X,,,,,,X,,,,,,,,,,,,X,,X,,X,,,,,,,,X,,,,,,,,,,,,,,,,,,,,X,,,
Crobat,,,,,X,,,,X,,,,,,,,,,,,,,X,X,,,,,,,,,,,X,,,,,,,,,,X,,,,,,,,,,X,,,
Meowth,,,,,,X,,,,,X,,,,,,,,,,,,,,,,,,X,,,,,,,,X,,X,,,,,,,,,,,,X,,,,,,X,
Persian,,,,,,X,,,,,,X,,,,,,,,,,,,X,,,,,X,,,,,,,,,,X,,,,,,,,,,,,X,,,,,,X,
Psyduck,,X,,,,,,,X,,,,,,X,,,,,,,,,,,X,X,,,,,,,,,,,,,,,,X,,,,,,,,,,,,,X,,
Golduck,,X,,,,,,,X,,,,,,X,,,,,,,,,,,X,X,,,,,,,X,,,,,,,,,,,,,,,,,,,,,,X,,
Growlithe,,,X,,,,,X,,,,,,,,X,,,,,,,,,,,,,,X,,,,,,,,,,,,,,,,X,,,,,,,X,,X,,,
Arcanine,,,X,,,,,,,,X,,,,,X,,,,,,,,X,,,,,,X,,,,,,,,,,,,,,,,,,,,,,X,,,X,,,
Farfetch’d,,,X,,,,,,,,X,,,,,,,,X,,,,X,,,,,,,,,,,,,,,,,X,,,,,,,,,,,,,,X,X,,,
Grimer,,,,,X,,,,,X,,,,,,,,,,,,,,,,,,,X,,,,,,X,,,,,,,,,,X,,,X,,,X,,,,,,,
Muk,,,,,X,,,,,X,,,,,,,,,,,X,,,,,,,,X,,,,,,X,,,,,,,,,,X,,,X,,,,,,,,,,
Gastly,,,,,X,,,,,,X,,,,,,,,,,,,,,,X,,,,,,,,,X,,,,,,,,,,X,,,,,,X,,,,,,X,
Haunter,,,,,X,,,,,,X,,,,,,,,,,,,,,,X,,,,,,,X,,X,,,,,,,,,,X,,,,,,,,,,,,X,
Gengar,,,,,X,,,X,,,,,,,,,,,,,,,,,,X,,,,,,,,,X,,,,,,X,,,,X,,,,,,,,,,,,X,
Voltorb,X,,,,,,,,,X,,,,,,,,,,,X,,,,,,,,X,,,X,,,,X,,,,,,,,,,,X,,,,,,,,,,,
Electrode,X,,,,,,,,,,,X,,,,,,,,,,,,,,,,,X,,,X,,,,X,,,,,,,,,,,X,,,,,,,,,,,X
Exeggcute,X,,,,,,,,,,X,,,X,,,,,,,,,,X,,X,,,,,,,,,,,,,,,,,,,,,,X,,,,,,,,,X,
Exeggutor,X,,,,,,,,X,,,,,X,,,,,,,,,X,X,,X,,,,,,,,,,,,,,,,,,,,,,X,,,,,,,,,,
Happiny,X,,,,,,,X,,,,,,,,,,,X,,,,,,,,,,,,,X,,,,,,,,,,,X,,,,,,,X,X,,,,,,,
Chansey,X,,,,,,,X,,,,,,,,,,,X,,,,,,,,,,,,,X,,,,,,,,,,,X,,,,,,,X,,,,,,,X,
Blissey,X,,,,,,,,,,,X,,,,,,,X,,,,,,,,,,,,,X,,,,,,,,,,,X,,,,,,,X,,,,,,,X,
Elekid,X,,,,,,,X,,,,,,,,,,,,X,,,,,,,,,,,,X,,,,X,X,,,,,,,,,,X,,,,,,,,,,,
Electabuzz,X,,,,,,,,,,X,,,,,X,,,,,,,,,,,,,,,,,,X,,,X,,,X,,,,,,,X,,,,,,,,,,,
Electivire,X,,,,,,,,,,,X,,,,X,,,,,,X,,,,,,,,,,,,,,,X,,,X,,,,,,,X,,,,,,,,,,,
Lapras,,X,,,,,,,,,,X,,,X,,,,,,,,,X,,,,,,,,,,,,,,,,,,X,X,,,,,,,,,,,,,X,,
Munchlax,,,X,,,,,,X,,,,,X,,,,,X,,,,,,,,,,,,,,X,,,,,,,,,,,X,,,,,,,,,,,,,X,
Snorlax,,,X,,,,,,X,,,,,,,,,,X,,,,,,,,,,,,,,X,,,,,,,,X,,,X,,,,,,X,,,,,,,,
Spinarak,,X,,,,,,,,X,,,,X,,,,,,,X,,X,,,,,,,,,,,,,,,,,,X,,,,X,,,,,,,,,,,,,
Ariados,,X,,,,,,,,,,X,,X,,,,,,,X,,X,,,,,,,,,,,,,,,,,,X,,,,X,,,,,,,,,,,,,
Mareep,X,,,,,,,X,,,,,,,,,,,,X,,,,,,,,,X,,,,,,,,X,,,,,,,,,,X,,,X,,,,,,,,
Flaaffy,X,,,,,,,,,X,,,,,,,,,,X,,,,,,,,,X,,,,,,,,X,,,,X,,,,,,X,,,,,,,,,,,
Ampharos,X,,,,,,,,,,,X,,,,,,,,X,,,,,,,,,X,,,,,,,,X,,,,,,,,,,X,,,,,,X,,,,,
Azurill,,X,,,,,,,,,,X,,,X,,,,,X,,,,,,,,,,,,,,,,,,,,,X,X,X,,,,,,,,,,,,,,,
Marill,,X,,,,,,,,,,X,,,X,,,,,X,,,,,,,,,,,,X,,,,,,,,,,X,,,,,,,,,,X,,,,,,
Azumarill,,X,,,,,,,,,,X,,,X,,,,,X,,,,,,,,,,,,,X,,,,,,,,,,,,,,,,X,,,X,,,,,,
Paldean Wooper,,X,,,,,,,,,,X,,,,,X,,,,,,,,,,,,,X,,,,,,,,,,,,X,,,X,,,,,,,,,,,,X,
Clodsire,,X,,,,,,,,X,,,,,X,,X,,,,,,,,,,,,,,,X,,,,,,,,,,X,,,X,,,,,,,,,,,,,
Smeargle,X,,,,,,,,X,,,,,,,,,,X,,X,,,,,X,,,X,,,,,,,,,,,,,,,,,,,,,X,,,,,,,,
Torchic,,,X,,,,,X,,,,,,,,X,,,,X,,,,,,,,,,X,,,,,,,,,,,,,,,,,,,,,X,,X,,,,,
Combusken,,,X,,,,,,,,X,,,,,X,,,,,,,,,,,,,,X,,,,,,,,,,X,,,,,,,,,X,,X,,,,,,,
Blaziken,,,X,,,,,,,,X,,,,,X,,,,,,,,,,,,,,,,,,,,,,,X,X,,,,,,,,,X,,X,,,,,,,
Wingull,,X,,,,,,,X,,,,,,X,,,,,,,,,X,,,,,,,,,,,,,,,,,,X,,,,,,,,,,,,,X,X,,
Pelipper,,X,,,,,,,X,,,,,,X,,,,,,,,,X,,,,,,,,,,,,,,,,,,X,,,,,,,,,,,,,X,X,,
Makuhita,X,,,,,,,X,,,,,,,,,,,,,,,X,,,,,,,,,X,,,,,,,,X,,,,,,,,,X,X,,,,,,,,
Hariyama,X,,,,,,,,,,X,,,,,,,,,,,,,,,,,,,,,X,,,,,,,,X,X,,,,,,,,X,X,,,,,,,,
Absol,,,,,X,,,,X,,,,,,,,,,X,,,,,,,,X,,,,,,,,,,,,,X,,,,,,X,,,,,,,,,X,,,
Piplup,,X,,,,,,X,,,,,,,X,,,,,,,,,,,,,,,,,,,,,,,,,,,X,,,,,,,,,X,,,,X,X,,
Prinplup,,X,,,,,,,X,,,,,,X,,,,,,,,,,,,,,,,,,,,,,,,,,,X,,,,,,,,,X,,,,X,X,,
Empoleon,,X,,,,,,,,X,,,,,X,,,,,,,,,,,,,X,,,,,,,,,,,,,,X,,,,X,,,,,,,,,,X,,
Audino,X,,,,,,,,,X,,,,,,,,,X,X,,,,,,,,,,,,X,,,,,,,,,,,X,,,,,,,X,,,,,,,,
Trubbish,,X,,,,,,,,X,,,,,,,,,,,,,,,,,X,,X,,,,,,,,,,,,,,,,X,,,X,X,,,,,,,,,
Garbodor,,X,,,,,,,,,,X,,,,,,,,,,,,,,,X,,X,,,,,,,,,,,,,,,,X,,,X,,,X,,,,,,,
Zorua,,,,,X,,,,,,,X,,,,,,,,X,,,,,,,,,X,,,,,,,,X,,X,,,,,,,,,,,,,,,,,,X,
Zoroark,,,,,X,,,,,,X,,,,,,,,,,,,,,,X,,,X,,,,,,,,X,,X,,,,,,,,,,,,,,,,,,X,
Minccino,X,,,,,,,X,,,,,,,,,,,X,X,,,,,,,,,,,,,,,,,,,,,X,X,,,,,,,,X,,,,,,,,
Cinccino,X,,,,,,,,,,,X,,,,,,,X,X,,,,,,,,,,,,,,,,,,,,,X,X,,,,,,,,X,,,,,,,,
Grubbin,X,,,,,,,,X,,,,,X,,,X,,,,,,,X,,,,,,,,,,,,,,,,,,,,,,,X,,,,X,,,,,,,
Charjabug,X,,,,,,,,,X,,,,X,,,,,,,,,,X,,,,,,,X,,,,,,X,,,,,,,,,,X,,,,,,,,,,,
Vikavolt,X,,,,,,,,X,,,,,X,,,,,,,,,,,,,,,,,,,,,,,X,,,X,,,,,,,X,,,,,,,,X,,,
Mimikyu,,,,,X,,,,,X,,,,,,,,,,X,,,,,,,,,,,,,,,X,,,,,,,,,,,,X,,,X,,,,,,,X,
Pawmi,X,,,,,,,X,,,,,,,,,,,,X,,,,,,,,,X,,,,,,,,X,,,,,,,,,,X,,,,,,,,,,X,
Pawmo,X,,,,,,,X,,,,,,,,,,,,,,,,,,,,,X,,,,,,,,X,,,X,,,,,,,X,,,,,,,,,,X,
Pawmot,X,,,,,,,,X,,,,,,,,,,,,,,,,,,,,X,,,,,,,,,,,X,,,X,,,,X,,,,,,,,,,X,
Tatsugiri Curly,,X,,,,,,,,,,,,,,,,,,,,,,,,,,,,,,,,,,,,,,,,,,,,,,,,,,,,,,,,
Tatsugiri Droopy,,X,,,,,,X,,,,,,,X,,,,,,,,,,,,,,,,X,,,,,X,,,,,,,,,,,,,,,,,,,,X,X,
Tatsugiri Stretchy,,X,,,,,,,,,X,,,,X,,,,,,,,,,,,,,,,,,,,,,,,,,,,,,,X,,,,,X,,,,,X,X,
Ekans,,,,,X,,,,,,X,,,X,,,,,,,,,,X,,,,,,,,,,,,X,,,,,,,,,X,,,,,,,,,X,,,,
Arbok,,,,,X,,,,,,X,,,X,,,,,,,,,,X,,,,,,,,,,,,X,,,,,,,,,X,,,,,,,,,X,,,,
Cleffa,,,,,X,,,X,,,,,,,,,,,,X,X,,,,,,,,,,,X,,,,,,,,,X,,X,,,,,,,,,,,,,,,
Clefairy,,,,,X,,,X,,,,,,,,,,,,X,,,,,,,,,,,,,,,,,,,,,,,X,,,,,,,,,,X,,,,X,X
Clefable,,,,,X,,,,,,,X,,,,,,,,X,,,,,,,,,,,,,,,,,,,,,,,X,,,,,,,,,,X,,,,X,X
Igglybuff,,,X,,,,,X,,,,,,,,,,,X,X,,,,,X,,,,,,,,,,,,,,,,,,X,,,,,,,,,,,,,,,X
Jigglypuff,X,,,,,,,X,,,,,,,,,,,X,X,,,,,,,,,,,,,X,,,,,,,,,,X,,,,,,,,,,,,,,,X
Wigglytuff,X,,,,,,,,,,,X,,,,,,,X,X,,,,,,,,,,,,,,,,,,,,,,,X,,,,,,,,,,,,,,X,X
Diglett,,,,,X,,,,,X,,,,,,,X,,,X,,,,,,,,,,,,,,,,,,,,,,,,,,,,,,,,,,X,,,X,X
Dugtrio,,,,,X,,,,,,X,,,,,,X,,,,,,,,,,,,,,,,,,,,,,,,,,,,,,,X,,,,,,X,,,X,X
Machop,X,,,,,,,,,,X,,,,,,,,,,,X,,,,,,,,X,,,,,,,,,,X,,,,,,,,,X,,,,,,,,X,
Machoke,X,,,,,,,,,,,X,,,,,,,,,,X,,,,,,,,X,,,,,,,,,,X,,,,,,,,,X,,,,,,,,X,
Machamp,X,,,,,,,,,,X,,,,,,,,,,,X,,,,,,,,X,,,,,,,,,,X,,,,,,,,,X,,,,,,,,X,
Geodude,,,,,X,,,,X,,,,,,,,,,,,,X,,,,,,,,X,,X,,,,X,,,,X,,,,,,,,,,,,,,,,,,
Graveler,,,,,X,,,,,X,,,,,,,,,,,,X,,,,,,,,X,,X,,,,X,,,,X,,,,,,,,,,,,,,,,,,
Golem,,,,,X,,,,,,,X,,,,,,,,,,X,,,,,,,,X,,X,,,,X,,,,X,,,,,,,,,,,,,,,,,,
Magby,,,X,,,,,X,,,,,,,,X,,,,X,,,,X,,,,,,X,,,X,,,,,,,,,,,,,,,,,,,,,,,,,
Magmar,,,X,,,,,X,,,,,,,,X,,,,,,X,,,,,,,,X,,,,,,,,,,X,,,,,,,X,,,,,,,,,,,
Magmortar,,,X,,,,,,X,,,,,,,X,,,,,,X,,,,,,,,X,,,,,,,,,,X,,,,,,,X,,,,,,,,,,,
Bonsly,,,,X,,,,,,,,X,,X,,,,,,,,X,X,,,,,,,X,,X,,,,,,,,,,,,,,,,,,,,,,,,,,
Sudowoodo,,,,X,,,,,X,,,,,X,,,,,,,,X,X,X,,,,,,X,,,,,,,,,,,,,,,,,,,,,,,,,,,,
Murkrow,,,,,X,,,,,X,,,,,,,,,,,,,,,,,,,X,,,,,,,,,,X,,,,,,,,,,,X,,,,,X,,X,
Honchkrow,,,,,X,,,,,X,,,,,,,,,,,,,,,,,,,X,,,,,,X,,X,,,,,,,,,X,,,,,,,,,X,,,
Larvitar,,,,,X,,,X,,,,,,,,,X,,,,,,,,,,,,X,X,,,,,,,,,X,,,,,X,,,,,,,,,,,,,,
Pupitar,,,,,X,,,,X,,,,,,,,,,,,,X,,X,,,,,X,X,,,,,,,,,X,,,,,,,,,,,,,,,,,,,
Tyranitar,,,,,X,,,,,,X,,,,,,,,,,,X,,,,,,,X,X,,,,,,,,,X,X,,,,,,,,,,,,,,,,,,
Lotad,,X,,,,,,,X,,,,,X,X,,,,,,,,,,X,,,,,,,,,,,,,,,,,X,,,,,,,,,X,,,,,,,
Lombre,,X,,,,,,,,X,,,,X,X,,,,,,,,,,X,,,,,,,,,,,,,,,,,X,,,,,,,,,X,,,,,,,
Ludicolo,,X,,,,,,,X,,,,,X,X,,,,,,,,,,X,,,,,,,,,,,,,,,,,,,,,,,,,,X,,,,,,,X
Mawile,X,,,,,,,,X,,,,,,,,,,,X,X,,,,,,,X,,,,,,,,,,,,,,,,X,,,,,,,,,,,,,X,
Torkoal,,,X,,,,,,X,,,,,,,X,,,,,,X,,X,,,,X,,X,,,,,,,,,,,,,,,,,,,,,,,,,,,,
Kricketot,,,,,X,,,,,X,,,,X,,,,,,,X,,X,X,X,,,,,,,,,,,,,,,,,,,,,,,,,,,,,,,,,
Kricketune,,,,,X,,,,,,X,,,X,,,,,,,X,,X,X,X,,,,,,,,,,,,,,,,,,,,,,,,,,,,,,,,,
Chatot,,,X,,,,,X,,,,,,,,,,,,,,,,,X,,,,,,,,,,,,,,,,,,,,,,,,,X,,,,X,X,,,X
Riolu,,,,,X,,,,,,X,,,,,,,,,,,,,X,,,,,,,,,,,,,,,,X,,,,,,,,X,X,X,,,,,,,,
Lucario,,,,,X,,,,X,,,,,,,,,,,,,,,,,,X,X,,,,,,,,,,,,X,,,X,,,,,,,,,,,,,,,
Stereo Rotom,X,,,,,,,,,X,,,,,,,,,,,,,,,X,,,,X,,X,,,,,,X,,,,,,,,,,,,,,,,,,,,X,
Larvesta,,,,X,,,,,,X,,,,X,,X,,,,,,,X,,,,,,,,,,,X,,,,,,,,,,,,,,,,,,X,,,,,,
Volcarona,,,,X,,,,,X,,,,,X,,X,,,,,,,X,,,,,,,,,,,,,,,,,,,,,,,X,,,,,,X,,,,,,
Rowlet,,,,,X,,,,X,,,,,X,,,,,,,,,X,,,,,,,,,,,,,X,,,,,,,,,,,,,,,X,,,,X,,,
Dartrix,,,,,X,,,,,,,X,,X,,,,,,,,,X,,,,,,,,,,,,,,,,,,,X,,,,,,,,,,,,X,X,,,
Decidueye,,,,,X,,,,X,,,,,,,,,,,,,,X,,,,,,,,,,,,X,,,,,,,,,,,X,,,,,,,,,X,,,
Scorbunny,,,X,,,,,,X,,,,,,,X,,,X,,,,,,,,,,,X,,,,X,,,,,,,,,,,,,,,,,,,,,,,X,
Raboot,,,X,,,,,,X,,,,,,,X,,,,,,,,,,,,,,X,,,,,,,,,,,,,,,,,,,,,X,,,,,,X,X
Cinderace,,,X,,,,,,,,X,,,,,X,,,,,,,,,,,,,,X,,X,,,,,,,,,,,,,,,,,,,,,,,,,X,X
Skwovet,,,X,,,,,,X,,,,,,,,,,X,,,,X,X,,,,,,,X,,,,,,,,,,,,,X,,,,,,,,,,,,,,
Greedent,,,X,,,,,X,,,,,,,,,,,X,,,,,,,,,X,,,,,,,,,,,X,,,,,X,,,,,,,,,,,,,X,
Rolycoly,,,X,,,,,,,,,X,,,,X,,,,,,X,,,,,,X,,X,,,,,,,,,,,X,,,,,,,,,,,,,,,,,
Carkol,,,X,,,,,,,,X,,,,,X,,,,,,X,,,,,,X,,X,,,,,,,,,,,X,,,,,,,,,,,,,,,,,
Coalossal,,,X,,,,,,,,X,,,,,X,,,,,,X,,,,,,X,,X,,,,,,,,,,,X,,,,,,,,,,,,,,,,,
Toxel,,X,,,,,,X,,,,,,,,,,,,,,,,,X,,,,X,,,,,,,,X,,,,,,,,X,,X,,,,,,,,,,,
Toxtricity Amped,,X,,,,,,,,,X,,,,,,,,,,,,,,X,,,,,,,,,X,,,,,,,,,,,,,X,,,,,,,X,,,,X
Toxtricity Low Key,,X,,,,,,,,X,,,,,,,,,,,,,,,X,,,,,,,,,X,,,,,,,,,,,,,X,,,,,,,X,,,,X
Fidough,,,X,,,,,X,,,,,,,,X,,,X,X,,,,X,,,,,,,,,,,,,,,,,,,,,,X,,,,,,,,,,,,
Dachsbun,,,X,,,,,,,,,X,,,,X,,,,X,,,,X,,,,,,,,,,,,,,,,,,,,X,,,,,,,,,,,,,X,
Charcadet,,,X,,,,,X,,,,,,,,X,,,,,,,,,,X,,,,X,,,,,,,,,X,X,,,,,,,,,,,,,,,,,,
Armarouge,,,X,,,,,,,,X,,,,,X,,,,,,,,,,X,,,,X,,,,,,,,,X,X,,,,,,,,,,,,,,,,,,
Ceruledge,,,X,,,,,,,X,,,,,,X,,,,,,,,,,X,,,,X,,,,,X,,,,X,,,,,,,,,,,,,,,,,,,
Glimmet,,,,,X,,,,,X,,,,,,,,,,,,X,,,,,X,,X,X,,,,,,,,,,,,,,,X,,,,,,,,,,,,,
Glimmora,,,,,X,,,,,X,,,,,,,,,,,,X,,,,,X,,X,X,,,,,,,,,,,,,,,X,,,,,,,,,,,,,
Gimmighoul,,,,,X,,,,,X,,,,,,,,,,,,,,,,X,X,X,X,,,,,,X,,,,,,,,,,,,,,,,,,,,,,,
Gholdengo,,,,,X,,,,X,,,,,,,,,,,,,,,,,X,X,X,X,,,,,,X,,,,,,,,,,,,,,,,,,,,,,,
Vulpix,,,X,,,,,,,X,,,,,,X,,,X,X,,,,,,,,,,,,X,,,,,,,,,,,,,,,,,,,,,X,,,,,
Ninetales,,,X,,,,,,X,,,,,,,X,,,X,,,,,X,,,,,,,,,,,,,,,X,,,,,,,,,,,,,,X,,,,,
Poliwag,,X,,,,,,X,,,,,,,X,,,,,,,,,,,,,,,,,X,,,,X,,,,,X,X,,,,,,,,,,,,,,,,
Poliwhirl,,X,,,,,,,,X,,,,X,X,,,,,,,,,,,,,,,,,,,,,X,,,,X,,X,,,,,,,,,,,,,,,,
Poliwrath,,X,,,,,,,,,X,,,,X,,,,,,,,,,,,,,,,,,,,,,,,,X,,X,,,,,,,X,,,,,,,,X,
Politoed,,X,,,,,,,,,,X,,,X,,,,,,,,,,X,,,,,,,,,,,,,,,,,,,,,,,X,,,,,,,,,X,X
Abra,,,,,X,,,,X,,,,,,,,,,X,,,,,X,,X,,X,,,,,X,,,,,,,,,,,,,,,,,,,,,,,,,
Kadabra,,,,,X,,,,X,,,,,,,,,,,,,,,X,,X,,X,,,,,X,,,,,,,,,,,,,,,,,,X,,,,,,,
Alakazam,,,,,X,,,,,X,,,,,,,,,,,,,,X,,X,,X,,,,,X,,,,,,,,,,,,,X,,,,,,,,,,,,
Mime Jr,X,,,,,,,X,,,,,,,,,,,,X,X,,,,,X,,,,,,,,,,,,,,,X,,,,,,,,,,,,,,,,,X
Mr Mime,X,,,,,,,,,X,,,,,,,,,,X,,,,X,,X,,,,,,,X,,,,,,,,X,,,,,,,,,,,,,,,,,
Porygon,X,,,,,,,,,X,,,,,,,,,X,,X,,,,,X,,,,,X,,,,,,,,,,,,,,,,,,X,,,,,,,,,
Porygon2,X,,,,,,,,,,,X,,,,,,,X,,X,,,,,X,,,,,,X,,,,,,,,,,,,,,,,,X,,,,,,,,,
Porygon-Z,X,,,,,,,,X,,,,,,,,,,X,,X,,,X,,X,,,,,,,,,,,,,,,,,,,,,,,,X,,,,,,,,
Dratini,,X,,,,,,X,,,,,,,X,X,,,,X,,,,,,,,,,,,,,,,,,,,,,X,,,,,,,,,,,,X,,,,
Dragonair,,X,,,,,,X,,,,,,,X,X,,,,,,,,,,,,,,,,,,,,,X,,,,,X,,,,,,,,,,,,X,,,,
Dragonite,,X,,,,,,,X,,,,,,,X,,,,,,,,,,,,,,,,,,,,,,,,,,X,,,,,,,,,,X,X,,X,,,
Cyndaquil,,,X,,,,,X,,,,,,,,X,,,,,,,,,,,,X,,,,,,,,,,,,,X,,,,,,,,,X,,,,X,,,,
Quilava,,,X,,,,,X,,,,,,,,X,,,,,,,,,,,,X,,,,,,,,,,,,,X,,,,,,,,,X,,,,X,,,,
Typhlosion,,,X,,,,,,X,,,,,,,X,,,,,,,,,,,,X,,,,,,,,,,,,,X,,,,,,,,,X,,,,X,,,,
Misdreavus,,,,,X,,,,X,,,,,,,,,,,,X,,,X,,X,,,X,,,,,,X,,,,,,,,,,,,,,,,,,,,,,,
Mismagius,,,,,X,,,,,X,,,,,,,,,,,,,,,X,X,,,,,,,X,,X,,,,,,,,,,,,,,,,,,,,,,X,
Girafarig,,,X,,,,,,,,,X,,,,,,,X,,,,,X,,X,,,,,,,,,,,,,,,X,,,,,,,,,,,,,X,,,,
Farigiraf,,,X,,,,,,,,,X,,,,,,,X,,,,,X,,X,,,,,,,,,,,,,,,X,,,,,,,,,,,,,X,,,,
Ralts,X,,,,,,,X,,,,,,,,,,,,X,,,,X,,X,,,,,,,,,,,,,,,,,X,,,,,,,,,X,,,,,,
Kirlia,X,,,,,,,X,,,,,,,,,,,,X,,,,X,,X,,,,,,,,,,,,,,,,,X,,,,,,,,,X,,,,,,
Gardevoir,X,,,,,,,,,,,X,,,,,,,,,,,,X,,X,,,,,,,,,,,,,X,,,,X,,,,,,,,,X,,,,,,
Gallade,X,,,,,,,,,,X,,,,,,,,,,,,,,,X,,,,,,,,,,,,,,X,,,X,,,,,,X,X,,,,,,,,
Plusle,X,,,,,,,X,,,,,,,,,,,X,X,,,,,,,,,,,,,,,,,X,,,,,,,,,,X,,,,,,,,,,X,
Minun,X,,,,,,,,,,X,,,,,,,,X,X,,,,,,,,,,,,,,,,,X,,,,,,,,,,X,,,,,,,,,,X,
Trapinch,,,,X,,,,,,,X,,,,,,X,,,,,X,,X,,X,,,,,,,,,,,,,,X,,,,,,,,,,,,,,,,,,
Vibrava,,,,X,,,,,,X,,,,X,,X,X,,,,,,,,X,,,,,,,,,,,,,,X,,,,,,,,,,,,,,,,,,,
Flygon,,,,X,,,,,,,,X,,X,,X,X,,,,,,X,,,,,,,X,,,,,,,,,,,,,,,,,,,,,,,,,,,,
Swablu,X,,,,,,,X,,,,,,,,,,,X,X,,,,,,,,,,,,,,,,,,,,,,X,,,,,,,,,,,,,X,,,
Altaria,X,,,,,,,,,,,X,,,,,,,X,X,,,,X,X,,,,,,,,,,,,,,,,,,,,,,,,,,,,,,X,,,
Duskull,,,,,X,,,,,X,,,,,,,,,,,,,,,,X,,,,,,,,,X,,X,,,,X,,,,,,,,,X,,,,,,,,
Dusclops,,,,,X,,,,,,,X,,,,,,,X,,,,,,,X,,,,,,,,,X,,,,,,X,,,,,,,,,,X,,,,,,,
Dusknoir,,,,,X,,,,,X,,,,,,,,,,,,,,,,X,,,,,,,,,X,,,,,,X,,,,,,,,,,X,,,,,,X,
Beldum,,,,,,X,,,,,,X,,,,,,,,,,X,,,,X,X,X,,X,,,,,,,,,,,,,,,,,,,,,,,,,,,,
Metang,,,,,,X,,,,X,,,,,,,,,,,,X,,,,X,X,X,,X,,,,,,,,,,,,,,,,,,,,,,,,,,,,
Metagross,,,,,,X,,,X,,,,,,,,,,,,,X,,,,X,,X,,,,,,,,,,,X,X,,,,,,,,,,,,,,,,,,
Snivy,,X,,,,,,,,,,X,,X,X,,,,,,,,X,,,,,,X,,,,X,,,,,,,,,,,,,,,,,,,,,,,,,
Servine,,X,,,,,,,,X,,,,X,X,,,,,,,,X,,,,,,X,,,,,,,,,,,,,X,,,,,,,,,,,,,,,,
Serperior,,X,,,,,,,X,,,,,X,X,,,,,,,,X,,,,,,,,,,,,,,,,,,,,,,,,,,,,X,,,X,,,,
Froakie,,X,,,,,,,,,X,,,,X,,,,,,,,,X,,,,,,,,,,,,,,,,,,X,,,,,,,,,X,,,,,X,,
Frogadier,,X,,,,,,,,,X,,,,X,,,,,,,,,X,,,,,,,,,,,,,,,,X,,X,,,,,,,,,,,,,,X,,
Greninja,,X,,,,,,,,X,,,,,X,,,,,,,,,,,,,,X,,,,,,,,,,,X,,X,,,,,,,,,,,,,,X,,
Dedenne,X,,,,,,,X,,,,,,,,,,,,X,,,,X,,,,,,,,,,,,,,,,,,,,X,,,X,,,,,,,,,,X,
Noibat,,,,,X,,,,,,X,,,,,X,,,,,,,,X,,,,,,,,,,,,,,,X,,,,,X,,,,,,,,,,,X,,,
Noivern,,,,,X,,,,X,,,,,,,X,,,,,,,,X,,,,,,,,,,,,,,,,,,,,X,,,,,,,,,,,X,,,X
Rookidee,X,,,,,,,,,,,X,,,,,,,,,,,X,,,,,,X,,,,,,,,,,,,,,,,,,,,,,X,,,X,X,,,
Corvisquire,X,,,,,,,,X,,,,,,,,,,,,,,X,,,,,,X,,,,,,,,,,,,,,,,,,,,,,X,,,X,X,,,
Corviknight,X,,,,,,,,,X,,,,,,,,,,,,,X,,,,,X,X,,,,,,,,,,,,,,,,,,,,,,X,,,,X,,,
Dreepy,,X,,,,,,,,,,,,,,X,,,,,,,,,,X,,,,,,,,,X,,,,,,X,,,,,,,,,,,,,,,,X,
Drakloak,,X,,,,,,X,,,,,,,,X,,,,,,,,,,X,,,,,,,,,X,,,,,,X,,,,,,,,,,,,,,,,X,
Dragapult,,X,,,,,,,,,X,,,,,X,,,,,,,,,,X,,,,,,,,,X,,,,,,X,,,,,,,,,,,,,,,,X,
Sprigatito,X,,,,,,,X,,,,,,X,,,,,,X,X,,,,,,,,,,,,,,,,,,,,,,,,,,,,,,X,,X,,,,,
Floragto,X,,,,,,,,,,,X,,X,,,,,,X,X,,,,,,,,,,,,,X,,,,,,,,,,,,,,,,,,,X,,,,,
Meowscarada,X,,,,,,,,X,,,,,X,,,,,,X,,,,,,,,,X,,,,,,,,,,X,,,,,,,,,,,,,,X,,,,,
Wattrel,X,,,,,,,,,,X,,,,,,,,,,,,,,,,X,,,,,,,,,,,,,,,,,,,,X,X,,,,,,,X,X,,
Kilowattrel,X,,,,,,,,X,,,,,,,,,,,,,,,,,,,,,,,,,,,,,,,,,,,,,,X,X,,,,,,X,X,X,,
Tinkatink,X,,,,,,,X,,,,,,,,,,,,X,,,,,,,,X,,,,,,,,,,,,X,,,,X,,,,,X,,,,,,,,,
Tinkatuff,X,,,,,,,,,,,X,,,,,,,,X,,,,,,,,X,,,,,,,,,,,,X,,,,,,,,,X,,,,,,,,X,
Tinkaton,X,,,,,,,,,,X,,,,,,,,,X,,,,,,,,X,,,X,,,,,,,,,X,,,,,,,,,X,,,,,,,,,
Aerodactyl,,,,X,,,,,,,,X,,,,,,,,,,X,,,,,,,X,X,,,,,,X,,,,,,,,,,,,,,,,,,,X,,,
Cranidos,,,,X,,,,,,,X,,,,,,,,,,,X,,,,,,,,X,,,X,,,,,,,X,,,,,,,,,,,,,,,,,X,
Ramparados,,,,X,,,,,X,,,,,,,,,,,,,X,,,,,,X,,X,,,,,,,,,X,X,,,,,,,,,,,,,,,,,,
Shieldon,,,,X,,,,X,,,,,,,,,,,,,,X,,,,,,X,,X,,X,,,,,,,X,,,,,,,,,,,,,,,,,,,
Bastiodon,,,,X,,,,,,X,,,,,,,,,,,,X,,,,,,X,,X,,,,,,,,,X,X,,,,,,,,,,,,,,,,,,
Tyrunt,,,,X,,,,X,,,,,,,,X,,,,,,X,,,,,,,,X,,,,,,,,,X,X,,,,,,,,,,,,,,,,,,
Tyrantrum,,,,X,,,,,,,,X,,,,X,,,,,,X,,,,,,,,X,,,,,,,,,X,X,,,,,,,,,,,,,,,,,,
Amaura,,,,,,X,,,X,,,,,,,,,,,,,X,,,,,,,X,X,,,,,,,,,,,,,,,,,,,,,X,,,,,,X,
Aurorus,,,,,,X,,,,,,X,,,,,,,,,,X,,,X,,,,X,X,,,,,,,,,,,,,,,,,,,,,,X,,,,,,
Eevee,,,X,,,,,X,,,,,,,,,,,X,X,,,,,,,,,,X,,,,,,,,,,,,,,,,X,,,,,,,,,,,X,
Vaporeon,,X,,,,,,X,,,,,,,X,,,,,X,,,,X,,,,,,,,,,,,,,,,,,X,,,,,,,,,,,X,,,,,
Jolteon,X,,,,,,,,,,X,,,,,,,,,X,,,,,,,,,X,,,,,X,,,X,,,,,,,,,,X,,,,,,,,,,,
Flareon,,,X,,,,,,,,X,,,,,X,,,,X,,,X,,,,,X,,,,,,,,,,,,,X,,,,,,,,,,,,,,,,,
Espeon,X,,,,,,,X,,,,,,,,,,,,X,,,,X,,X,X,,,,,,,,,,,,,,,,,,,,,,,,,,,,X,,,
Umbreon,,,,,X,,,,,X,,,,,,,,,,X,,,,X,,,,,X,,,,,,,,,,X,,,,,,,X,,,,,,,,,,,,
Leafeon,X,,,,,,,,,,,X,,X,,,,,,X,,,,,,,,,,,,,,,,,,,,,,,X,,,,,,,X,,,X,,,,,
Glaceon,,,,,,X,,X,,,,,,,X,,,,,X,,,,,,,,,X,,,,,,,,X,,,,,,,,,,,,,,,,,,,,X,
Sylveon,,,X,,,,,X,,,,,,X,,,,,,X,,,,,X,,,,,,,X,,,,,,,,,,,,,,,,,,X,,,,,,,,
Kyorgre,,X,,,,,,,X,,,,,,X,,,,,,,,,,,,,,X,,,,,,,,X,,X,,,,,,,,,,,,,,,,,X,,
Raikou,X,,,,,,,,X,,,,,,,,,,,,,,,,,,,,X,,,,,,,,X,,X,,,,,,,,X,,,,,,,,X,,,
Entei,,,X,,,,,,,X,,,,,,X,,,,,,,,,,,,,,X,,,,,,,,,X,X,,,,,,,,,,,,X,,,,,,
Suicune,,X,,,,,,,,,,X,,,X,,,,,,,,,X,,,,,,,,,,,,,,,,,,X,X,,,,,,,,,,,,,X,,
Volcanion,,,X,,,,,,,,X,,,,X,X,,,,,,,,,,,,,,X,,,,,,,,,,,,,,,,,,,,,X,X,,,,,,
Articuno,,,,,,X,,,,,,X,,,X,,,,,,,,,,,,,,X,,,,,,,,,,X,,,,,,,,,,,,,X,,,X,,,
Zapdos,X,,,,,,,,,,X,,,,,,,,,,,,,,,,,,,,,,,,,,X,,X,,,,,,,,X,,,,,X,,,X,,,
Moltres,,,X,,,,,,,,X,,,,,X,,,,,,,,,,,,,,X,,,,,,,,,X,,,,,,,,,,,,,X,,,X,,,
Lugia,,X,,,,,,,X,,,,,,X,,,,,,,,,,,X,,,,,,,,,,,,,,,,,,,,,,,,,,X,,,X,X,,
Ho-Oh,,,X,,,,,,,,X,,,X,,X,,,,,,,X,,,,,,,,,,,,,,,,,,,,,,,,,,,,,X,,,X,,,
Mewtwo,,,,,X,,,,X,,,,,,,,,,,,,,,X,,X,X,,,X,,,,,,,,,,,,,,,,X,,,,,,,,,,,,
Mew,,,X,,,,,X,,,,,,,,,,,,,,,,X,,X,X,,,,,,,,,,,,X,,,,,,,,,,,,,,,,,,,X